{
  "project_info": {
    "project_number": "555725741573",
    "firebase_url": "https://a155683.firebaseio.com",
    "project_id": "a155683",
    "storage_bucket": "a155683.appspot.com"
  },
  "client": [
    {
      "client_info": {
        "mobilesdk_app_id": "1:555725741573:android:4730a523e1bac71c53066c",
        "android_client_info": {
          "package_name": "com.shell.enterprise"
        }
      },
      "oauth_client": [
        {
          "client_id": "555725741573-rkv8d82moks88s02eiqp4ksevqutb66e.apps.googleusercontent.com",
          "client_type": 1,
          "android_info": {
            "package_name": "com.shell.enterprise",
            "certificate_hash": "dee7bfa0ef64ce78147d3e5391d1ca3be4dcecef"
          }
        },
        {
          "client_id": "555725741573-rdou6ulh8rtc8d1isqm5ddf0nh19hfas.apps.googleusercontent.com",
          "client_type": 3
        }
      ],
      "api_key": [
        {
          "current_key": "AIzaSyCE4fBDRjRhFmjyv2w-zn7c-ng4jj12E1g"
        }
      ],
      "services": {
        "appinvite_service": {
          "other_platform_oauth_client": [
            {
              "client_id": "555725741573-rdou6ulh8rtc8d1isqm5ddf0nh19hfas.apps.googleusercontent.com",
              "client_type": 3
            }
          ]
        }
      }
    }
  ],
  "configuration_version": "1"
}